"word","n"
"flood",34
"tsunami",23
"earthquake",17
"zones",16
"cancels",14
"till",13
"river",12
"warning",12
"chat",11
"chatgpt",11
"people",11
"time",11
"updates",10
"continues",9
"tesla",9
"watch",9
"hgx",8
"black",7
"amp",6
"cbdoge",6
"clarksville",6
"lsx",6
"mississippi",6
"top",6
"dont",5
"elon",5
"extends",5
"federal",5
"fire",5
"frankfort",5
"mag",5
"president",5
"vermillion",5
"volcanodiscovery",5
"war",5
"2024",4
"bir",4
"court",4
"hell",4
"mars",4
"public",4
"rights",4
"semre03",4
"senate",4
"anassarwar",3
"billion",3
"boston",3
"brand",3
"che",3
"cnn",3
"control",3
"day",3
"earthquakes",3
"era",3
"eyan",3
"follow",3
"game",3
"half",3
"helped",3
"jailbreak",3
"japan",3
"josesosaok",3
"language",3
"major",3
"makes",3
"means",3
"nkame7222",3
"north",3
"nya",3
"party",3
"past",3
"pay",3
"platform",3
"police",3
"poor",3
"powerwall",3
"pretty",3
"safety",3
"school",3
"scotland",3
"sea",3
"trabzonspor",3
"trabzonsporen",3
"uefacomde",3
"ukraine",3
"united",3
"vote",3
"weak",3
"wednesday",3
"week",3
"whats",3
"win",3
"world",3
"005",2
"0rspu",2
"1718",2
"190",2
"ago",2
"anan",2
"angeles",2
"announced",2
"apa",2
"appearance",2
"apple",2
"approved",2
"article",2
"articles",2
"ban",2
"biden",2
"bill",2
"birthday",2
"board",2
"boeing",2
"calhoun",2
"cancer",2
"carbon",2
"caso",2
"cats",2
"china",2
"company",2
"contempt",2
"country",2
"dave",2
"dein",2
"department",2
"desde",2
"die",2
"died",2
"doesnt",2
"doj",2
"domestic",2
"door",2
"droughts",2
"drugs",2
"earth",2
"easy",2
"effect",2
"environment",2
"epic",2
"ethical",2
"exasperated",2
"expect",2
"expected",2
"fast",2
"file",2
"floods",2
"found",2
"gaada",2
"galileo",2
"garland",2
"gel",2
"germany",2
"god",2
"government",2
"hamas",2
"happy",2
"hills",2
"hiring",2
"hmm",2
"houses",2
"human",2
"hurricane",2
"illness",2
"improvements",2
"incidents",2
"including",2
"increase",2
"industry",2
"interview",2
"interviews",2
"israels",2
"itu",2
"ive",2
"jews",2
"jobs",2
"juga",2
"jujuy",2
"justice",2
"key",2
"killing",2
"koduumun",2
"korea",2
"kurtar",2
"labour",2
"lagi",2
"land",2
"lands",2
"legalize",2
"light",2
"live",2
"los",2
"love",2
"marionawfal",2
"marriage",2
"meet",2
"meeting",2
"melbournesays",2
"mental",2
"michigan",2
"microsoft",2
"migrants",2
"migration",2
"million",2
"money",2
"months",2
"morgan",2
"musk",2
"northwest",2
"noting",2
"ocuu",2
"official",2
"olur",2
"openai",2
"pacific",2
"palestinian",2
"plan",2
"pokadzie",2
"polls",2
"port",2
"positive",2
"post",2
"power",2
"presentation",2
"princess",2
"progress",2
"promises",2
"prompts",2
"protected",2
"putin",2
"qmk",2
"racist",2
"read",2
"recent",2
"recovery",2
"recreation",2
"reduce",2
"referral",2
"residents",2
"rise",2
"rising",2
"robotaxis",2
"rochester",2
"san",2
"shotaro",2
"single",2
"siz",2
"spaces",2
"speech",2
"sphinx",2
"stake",2
"starlink",2
"start",2
"storm",2
"strikes",2
"stubborn",2
"summer",2
"suspect",2
"sustainable",2
"system",2
"target",2
"teslaenergy",2
"title",2
"trumps",2
"uns6lmuruw",2
"verteidigen",2
"veuen",2
"victims",2
"visit",2
"von",2
"voting",2
"wales",2
"wcs",2
"weather",2
"weve",2
"wideawakemedia",2
"wizone",2
"worth",2
"wrong",2
"yeah",2
"zannediyor",2
"0010",1
"0015",1
"0040",1
"01ozh4mhgd",1
"01sl4dcon9",1
"050",1
"100",1
"106",1
"10x",1
"11a7fjplcs",1
"126",1
"13sarahmurphy",1
"13th",1
"145",1
"18th",1
"2000",1
"2008",1
"2012",1
"2014",1
"2022",1
"2023",1
"210ml",1
"213",1
"21ypkjac1w",1
"2500",1
"2kodbeigpl",1
"2phw5dtxyn",1
"3bwkyjugqh",1
"3jb6vhwtxf",1
"3kqyyzd0hr",1
"3s1lkt2epn",1
"3zbbro8faa",1
"4g8sijvc5j",1
"4gsgkztorv",1
"4odevrait",1
"4rofcdmluo",1
"4th",1
"5000",1
"500g",1
"58srznr8gv",1
"5rkurwoavl",1
"6h432cxu6z",1
"6ugaczazab",1
"720451803",1
"73000",1
"7bjqbem7k1",1
"7mndhbownx",1
"7xp6x4spjb",1
"85ls39nntt",1
"86g9mcapbz",1
"8ns7hsnwca",1
"8th",1
"911",1
"9fbe4cjckc",1
"9yx4jazumv",1
"aada",1
"abierkhatib",1
"abisnya",1
"abruptly",1
"abzuschlachten",1
"acaba",1
"access",1
"act",1
"action",1
"adam",1
"administration",1
"admit",1
"admittedly",1
"advdalimpofu",1
"advertising",1
"advises",1
"advocating",1
"affluent",1
"afifahz13632454",1
"agarrou",1
"agree",1
"aha",1
"ahead",1
"aim",1
"airbnb",1
"aitools",1
"akita",1
"aku",1
"alarmingly",1
"alay",1
"alex",1
"alexavoigt",1
"aliens",1
"alive",1
"alle",1
"allegations",1
"allegedly",1
"alm",1
"almas",1
"alpes",1
"am1na",1
"amazing",1
"ambiguous",1
"america",1
"anainsin",1
"andrewtburks",1
"annadkroener",1
"annual",1
"answer",1
"anukkunam",1
"anyingggggg",1
"aoqykuqi8d",1
"apbtjfkejw",1
"aphewvw9qt",1
"apologize",1
"app",1
"appeal",1
"apps",1
"aptal",1
"aqorda",1
"aqsa",1
"arafat",1
"araplar",1
"araplara",1
"argentina",1
"army",1
"arranged",1
"arrested",1
"arreu",1
"arriving",1
"artisans",1
"artjomka",1
"artk",1
"arts",1
"asalu",1
"asia",1
"assemblypdf",1
"assets",1
"asst",1
"astro",1
"astronomy",1
"atheist",1
"atmosphere",1
"ato27872fs",1
"atomowa",1
"atomowych",1
"attack",1
"attacks",1
"attorney",1
"atyorlar",1
"auf",1
"aug",1
"aurait",1
"ausfahrtleben",1
"authorities",1
"autonomous",1
"autoridades",1
"auvergne",1
"average",1
"avoided",1
"avunumawa",1
"avvakamundhu",1
"awal",1
"award",1
"awaznews",1
"awellbottom",1
"axonexyz",1
"aye",1
"b0ocrpcegz",1
"b4ecuq39e3",1
"babies",1
"baby",1
"baca",1
"backup",1
"badai",1
"bahsettiim",1
"baja",1
"bak",1
"bakal",1
"balad",1
"baladnz",1
"banking",1
"bankruptcy",1
"bantu",1
"banyak",1
"baseball",1
"bastards",1
"bayangin",1
"beat",1
"beginnt",1
"bekliyorum",1
"belgrano",1
"beloved",1
"benjamin",1
"benonwine",1
"betreuren",1
"bevs",1
"beyinsinler",1
"beyninizi",1
"bff",1
"bfilmyofficial",1
"bgt",1
"bhabeshkalitar",1
"bihar",1
"bijzonder",1
"billboardchris",1
"birth",1
"bjkden",1
"bjkye",1
"blah",1
"blahblahvision",1
"blanketing",1
"blgeye",1
"block",1
"blondy123abc",1
"blue",1
"blum",1
"bmijapd6qi",1
"boastingfafo",1
"boost",1
"border",1
"box",1
"bozdular",1
"brainwashed",1
"break",1
"breakdown",1
"breakingnews",1
"breakthrough",1
"breed",1
"bring",1
"bro",1
"broken",1
"brotherhood",1
"bryson",1
"btc",1
"buckingham",1
"building",1
"buldunuz",1
"bulduunu",1
"bulmu",1
"bump",1
"business",1
"byle",1
"c02",1
"cabinet",1
"cake",1
"california",1
"call",1
"camp",1
"campbellclaret",1
"canadians",1
"cantal",1
"capisco",1
"car",1
"card",1
"care",1
"carles",1
"cars",1
"cartels",1
"cas",1
"cash",1
"cashoutking",1
"catherine",1
"cavousf5",1
"ceasefire",1
"cekiyorum",1
"cell",1
"celtics",1
"ceo",1
"ceremony",1
"certified",1
"cesarfalante",1
"cest",1
"cghgbzvjkt",1
"cgrdfmcffe",1
"chain",1
"chaingpt",1
"challenging",1
"chancellor",1
"changed",1
"channeling",1
"charlesdelattr2",1
"chatbots",1
"chatgpt4",1
"chatgpt5",1
"chemicals",1
"chesthe",1
"chief",1
"children",1
"chinese",1
"cho",1
"christian",1
"christy",1
"chuffed",1
"chupincharu",1
"chuqk3nwwz",1
"chusi",1
"cierlerine",1
"cigarettes",1
"citing",1
"citizens",1
"cixiifeagj",1
"claim",1
"clarence",1
"claude",1
"clears",1
"climateaction",1
"cloud",1
"cmofficeassam",1
"co2e",1
"coefficient",1
"collaborative",1
"collapse",1
"colleague",1
"colleagues",1
"colorado",1
"colour",1
"column",1
"comencen",1
"committed",1
"companys",1
"comparison",1
"competence",1
"complete",1
"compliance",1
"concerns",1
"conservatives",1
"considerably",1
"considerations",1
"constitution94",1
"contained",1
"containment",1
"continue",1
"core",1
"corporation",1
"cose",1
"countrys",1
"county",1
"covid",1
"crackdown",1
"crazy",1
"created",1
"creative",1
"credit",1
"criminal",1
"crisis",1
"crit",1
"critical",1
"crow",1
"crucial",1
"culture",1
"cummins",1
"custody",1
"customers",1
"cut",1
"cvwbrh7ykk",1
"daikimengg",1
"daily",1
"dallas",1
"dalluscita",1
"damn",1
"danych",1
"dapprendre",1
"darbhanga",1
"das",1
"davduf",1
"dead",1
"deadliest",1
"debut",1
"decades",1
"dechambeau",1
"decisionmaking",1
"declined",1
"declines",1
"decubate",1
"deep",1
"deepening",1
"default",1
"deh",1
"deine",1
"deja",1
"delaware",1
"deliver",1
"delivers",1
"della",1
"demana",1
"demands",1
"democracy",1
"democrat",1
"democratic",1
"democrats",1
"democrtic",1
"deployed",1
"deposit",1
"depths",1
"dereye",1
"deseas",1
"design",1
"destroyed",1
"destruccin",1
"develops",1
"diagnosis",1
"dialog",1
"dich",1
"dicono",1
"didnt",1
"diligncies",1
"dinlol",1
"directly",1
"disbanded",1
"discover",1
"discriminated",1
"discuss",1
"displaced",1
"distraught",1
"diyon",1
"dmocratie",1
"doch",1
"doctor",1
"doden",1
"dodgy",1
"doge",1
"dome",1
"donald",1
"donde",1
"dossier",1
"dot",1
"drama",1
"dricityai",1
"driving",1
"drops",1
"drowns",1
"drqx2wbfq6",1
"drug",1
"dubzoirbyw",1
"due",1
"dumb",1
"dunncaro2",1
"dwarkeshsp",1
"dxqa1mpkzf",1
"dying",1
"dynamic",1
"dynasty",1
"ea3vbsannp",1
"earlier",1
"earths",1
"east",1
"economy",1
"ecs39h9gbi",1
"edges",1
"edging",1
"edu3labs",1
"education",1
"edvv9pzpkd",1
"effettivamente",1
"efforts",1
"egal",1
"ele",1
"elections",1
"electronic",1
"elements",1
"eliminate",1
"elite",1
"ells",1
"elondocs",1
"elonmusk",1
"elonmusks",1
"elons",1
"emergency",1
"enclave",1
"engineer",1
"engineeringjobs",1
"engineers",1
"engines",1
"enkele",1
"ensures",1
"enunciators",1
"equal",1
"equality",1
"erasing",1
"eruption",1
"eso",1
"essays",1
"est",1
"estelada",1
"ethics",1
"etnbtuyszm",1
"ettim",1
"eugene",1
"europe",1
"evito",1
"evolving",1
"excrement",1
"executive",1
"exemple",1
"extreme",1
"fabhsis3kn",1
"facets",1
"failures",1
"faire",1
"fait",1
"faith",1
"fake",1
"falcon",1
"famer",1
"familie",1
"families",1
"fandjoker1",1
"fandoms",1
"farkna",1
"father",1
"fathers",1
"fathersday",1
"fatta",1
"fchollet",1
"fckin",1
"fear",1
"feel",1
"fenerlilere",1
"fertilization",1
"fetchai",1
"fftkt9d8wj",1
"fgaitho237",1
"fight",1
"figure",1
"film",1
"fin",1
"finale",1
"finally",1
"finals",1
"finceptorapp",1
"findings",1
"fires",1
"firmly",1
"fjmxl7kojt",1
"fleet",1
"flour",1
"fmqodbnknh",1
"fobbddqdu4",1
"force",1
"forced",1
"forces",1
"fore",1
"forever",1
"form",1
"formed",1
"forum",1
"forward",1
"foto",1
"founding",1
"fracking",1
"fragile",1
"frameworks",1
"france",1
"francesas",1
"francisco",1
"free",1
"freeman",1
"frenchieinlimbo",1
"frozen",1
"frr",1
"fsd",1
"fund",1
"funda",1
"fungiagent",1
"future",1
"fxqsuw3sgd",1
"g3cbt7v5mt",1
"gadsaad",1
"gag",1
"galilei",1
"ganges",1
"gansu",1
"gaza",1
"gdyby",1
"geen",1
"geldiinde",1
"genai",1
"generalmente",1
"generators",1
"genocidal",1
"genocide",1
"geoffreyhinton",1
"gestorven",1
"gift",1
"gila",1
"gir",1
"girsin",1
"gitu",1
"gjyrdjzk3o",1
"gli",1
"gmt",1
"gnfqjh3esl",1
"gnu",1
"godin",1
"golani75",1
"goldfield",1
"goldsmith",1
"gonesisai",1
"gop",1
"govt",1
"gptnya",1
"granaten",1
"graphite",1
"greylock",1
"groomed",1
"ground",1
"growing",1
"grundstck",1
"guarantee",1
"guardata",1
"guatemala",1
"guess",1
"guide",1
"guignol",1
"guilhermeamado",1
"guise",1
"guys",1
"gzd2uex5hq",1
"h3axcmdkek",1
"hacked",1
"hali",1
"hall",1
"hand",1
"hannahbrooks25",1
"hard",1
"harlan",1
"hat",1
"hate",1
"hatred",1
"haus",1
"hava",1
"haver",1
"hax",1
"hazards",1
"hazr",1
"hceesxicmj",1
"hcgz6bcoui",1
"head",1
"health",1
"hear",1
"heat",1
"heavily",1
"heinous",1
"helping",1
"helps",1
"hep",1
"heres",1
"herhangi",1
"herkes",1
"hhjakqhpng",1
"himantabiswa",1
"hindchristopher",1
"hindu",1
"hipersoniczne",1
"historyrock",1
"hlofueowu0",1
"hnsdivqghj",1
"holding",1
"holiday",1
"home",1
"homeless",1
"hook",1
"hormonal",1
"horror",1
"hostages",1
"hot",1
"hotel",1
"house",1
"humanity",1
"humans",1
"humor",1
"hundreds",1
"husband",1
"hush",1
"hyd",1
"hyperactive",1
"iacqbbdah7",1
"iandhsjsndhdhsjdhdhd",1
"iin",1
"ijtfdibt1b",1
"ilavhd8tee",1
"ilk",1
"illegal",1
"image",1
"immigrant",1
"impeachment",1
"imperialists",1
"imputacin",1
"incoming",1
"independent",1
"indestructible",1
"indexed",1
"infinite",1
"influence",1
"influencer",1
"influential",1
"informed",1
"infowars",1
"ini",1
"injured",1
"injuring",1
"inna",1
"innocent",1
"innovation",1
"insana",1
"insightgl",1
"insights",1
"institutions",1
"insurance",1
"intaract",1
"interact",1
"interface",1
"international",1
"intoxicated",1
"invent",1
"investments",1
"ipgv6sv1ii",1
"islamabad",1
"islamic",1
"isnt",1
"israel",1
"israeli",1
"isso",1
"issue",1
"ist",1
"istirahatnya",1
"izlenimi",1
"izone",1
"j8plh2d1bd",1
"jadi",1
"jak",1
"jalalpurians",1
"jam",1
"janninereid1",1
"jaragadhu",1
"jawabnya",1
"jayantamalla",1
"jeffskoll",1
"jej",1
"jills",1
"johnny",1
"johnson",1
"jokes",1
"jolts",1
"jones",1
"jong",1
"jose",1
"josetorohardy",1
"journey",1
"judge",1
"july",1
"jumped",1
"june19",1
"juneslater17",1
"justified",1
"justin",1
"juzi",1
"jydcn4zkqp",1
"kaankit",1
"kadar",1
"karakterini",1
"kariyerini",1
"kayanya",1
"kbbiq3s9ak",1
"kelimesinin",1
"kena",1
"kendilerinin",1
"kendini",1
"kendinizi",1
"kerncentrale",1
"ketawa",1
"kids",1
"kii",1
"killed",1
"kilometrowe",1
"kim",1
"kime",1
"kinds",1
"kingdom",1
"kingdoms",1
"kings",1
"kitty",1
"knowledge",1
"knowledgecoproduction",1
"kobiet",1
"kolejna",1
"komentar",1
"kommen",1
"korepetycje",1
"kremlin",1
"krls",1
"ks9bgrws77",1
"ktaopvzxyx",1
"ktra",1
"ktre",1
"kullanlan",1
"kullanmaya",1
"kurikala",1
"kvqaowtir7",1
"kxiqxo55mu",1
"l021ny7a8t",1
"labbiamo",1
"labbiano",1
"labels",1
"lacapanebona",1
"lack",1
"lacquerware",1
"lady",1
"lakabn",1
"lakap",1
"lamnisti",1
"landslides",1
"largest",1
"las",1
"laudincia",1
"lauds",1
"laugh",1
"laundering",1
"leaders",1
"league",1
"learning",1
"legend",1
"leilanidowding",1
"lelah",1
"level",1
"levels",1
"lewat",1
"lgbtq",1
"lie",1
"liebour",1
"life",1
"liquid",1
"liquidate",1
"llm",1
"loan",1
"local",1
"logan",1
"lol",1
"loom",1
"lost",1
"lot",1
"loving",1
"lu5jgkohwn",1
"lying",1
"macb4z3zd8",1
"machinelearning",1
"machines",1
"magnitude",1
"mah",1
"maiming",1
"maior",1
"malakand",1
"manage",1
"manesnadel",1
"mansehra",1
"manuel",1
"marinapurkiss",1
"market",1
"marketplace",1
"marytilestexas",1
"massachusetts",1
"master",1
"match",1
"matematyki",1
"matter",1
"matur",1
"mavericks",1
"mays",1
"mcilroy",1
"mdwci088mg",1
"measuring",1
"media",1
"medical",1
"megadonor",1
"mekong",1
"membership",1
"merak",1
"merits",1
"merrick",1
"metaphor",1
"metric",1
"mexican",1
"mexico",1
"mgvnznryuu",1
"miaa",1
"microplastics",1
"midterms",1
"mieux",1
"military",1
"millions",1
"minister",1
"minorities",1
"mins",1
"minutes",1
"mit1fz9qi3",1
"mizrahi",1
"mm0765",1
"mmusimaimane",1
"mmuteyyim",1
"model",1
"moderate",1
"modern",1
"mog",1
"monetizing",1
"monkeys",1
"montymoriarty",1
"moral",1
"moscow",1
"move",1
"movement",1
"mowa",1
"mtbfj69owy",1
"muerte",1
"mufti",1
"muslim",1
"muslims",1
"mwcafigozs",1
"nachbar",1
"nacional",1
"nah",1
"named",1
"nanagiart",1
"nanya",1
"narrative",1
"nasa",1
"natesilver538",1
"nation",1
"national",1
"nations",1
"nationwide",1
"natrlich",1
"nba",1
"nearby",1
"nearest",1
"nerve",1
"netanyahu",1
"networks",1
"nevada",1
"neville",1
"nft",1
"nfxkbqpnik",1
"ngakak",1
"ngl",1
"nice",1
"nicht",1
"niemieckich",1
"nightclub",1
"nih",1
"nios",1
"njd9jh3tjc",1
"nkwwkio9x9",1
"nld96nzza4",1
"nominates",1
"nord",1
"notificarle",1
"npsofficialke",1
"nr6dtcqvnh",1
"nrc",1
"nvidia",1
"nyamais",1
"nyoba",1
"o1v7y2ldqg",1
"oaicitation",1
"oakland",1
"oblivion",1
"obvious",1
"occurs",1
"ocean",1
"october",1
"olas",1
"olmayan",1
"om5lm8zut4",1
"omg",1
"omvihbqoo2",1
"operators",1
"oppressive",1
"optimistic",1
"opucia",1
"opuszcza",1
"orange",1
"orania",1
"orbit",1
"orevlatlar",1
"outgoing",1
"outsidermas7",1
"outskirts",1
"overpowered",1
"oviohq",1
"owners",1
"oxtia",1
"pakistan",1
"palace",1
"palestine",1
"pandemic",1
"panic",1
"parade",1
"parents",1
"park",1
"parking",1
"parliament",1
"parole",1
"parrotttom",1
"parte",1
"pas",1
"pasa",1
"paul",1
"paylamaya",1
"peke",1
"pel",1
"pepe",1
"perch",1
"persona",1
"personal",1
"persoon",1
"peste",1
"pexa7yfyim",1
"phoenix",1
"phone",1
"phones",1
"phrasing",1
"physiological",1
"pijushhazarika",1
"pinpricks",1
"pissed",1
"plane",1
"planm",1
"planning",1
"plans",1
"plant",1
"plates",1
"plausible",1
"pls4lynz9whozkkrdhzvqkjq",1
"pmargheritabjp",1
"poder",1
"podstawie",1
"podstawy",1
"podwodna",1
"poisoning",1
"pol",1
"political",1
"politics",1
"poniej",1
"poolz",1
"populist",1
"por",1
"port3",1
"portland",1
"posejdon",1
"possibility",1
"posted",1
"postofficescandal",1
"potus",1
"pouring",1
"pourri",1
"pouvoir",1
"powerful",1
"powika",1
"ppl",1
"pqp",1
"pra",1
"practices",1
"prediction",1
"presssec",1
"pressure",1
"prettybonyeve",1
"prevent",1
"previously",1
"prima",1
"primary",1
"prime",1
"prison",1
"private",1
"problema",1
"products",1
"profits",1
"projects",1
"promote",1
"prompt",1
"properly",1
"proposal",1
"prosecute",1
"protecting",1
"protection",1
"provinces",1
"przed",1
"przykry",1
"psikolojini",1
"publish",1
"pull",1
"purchase",1
"pushed",1
"pushing",1
"pyongyang",1
"qing",1
"qkynq1c6k2",1
"qmna",1
"question",1
"questions",1
"r6c4sitl3j",1
"rachael",1
"rachelmoiselle",1
"racialism",1
"rakgadiem",1
"rakiety",1
"ramp",1
"range",1
"rare",1
"ravi",1
"rceegi6g5p",1
"rdtnbu2kbo",1
"reach",1
"react",1
"realdonaldtrump",1
"reason",1
"recensiscono",1
"recently",1
"recht",1
"record",1
"recovering",1
"red",1
"redpillgpt",1
"reflection",1
"reform",1
"regulation",1
"regulatory",1
"rejectfinancebill2024",1
"rejects",1
"releasing",1
"relevance",1
"relics",1
"relief",1
"religious",1
"remains",1
"renewables",1
"report",1
"republicans",1
"requested",1
"research",1
"resistance",1
"responsible",1
"reveals",1
"reversible",1
"reversing",1
"revz1236",1
"rex767",1
"rgjefe3jyk",1
"rhi",1
"rhj6kf7afa",1
"rhone",1
"rhrvjrrcpd",1
"riassumere",1
"rinconada",1
"risk",1
"rmnnqh4odp",1
"road",1
"rods",1
"roku",1
"romero",1
"rory",1
"rosji",1
"rotates",1
"routinely",1
"rubicon",1
"ruined",1
"rule",1
"russian",1
"russias",1
"rv2rknafn6",1
"rvkeceut3l",1
"rvyrpruv8d",1
"ryanpgreenblatt",1
"ryzyko",1
"s0w9sl5utj",1
"s2fukqxaoe",1
"s2kilmii",1
"s2kip",1
"s2kiyim",1
"s2kiyor",1
"s2ktiriyorsunuz",1
"s7wqwha82z",1
"sa1kpvtbkx",1
"sagewoody46573",1
"saint",1
"sakata",1
"salak",1
"salakt",1
"salwanmomika1",1
"sama",1
"samo",1
"sandy",1
"satellites",1
"saving",1
"sawyermerritt",1
"sayfalarda",1
"scam",1
"scandalous",1
"scathing",1
"schnitzel",1
"schooling",1
"science",1
"scnario",1
"scriptnetwork",1
"search",1
"season",1
"secure",1
"seeks",1
"seinem",1
"sekali",1
"sekarang",1
"sembra",1
"semihkilicsoy",1
"send",1
"sending",1
"sendiri",1
"senin",1
"sentenced",1
"serie",1
"series",1
"service",1
"session",1
"set",1
"sex",1
"sguilbeault",1
"shadowing",1
"shareholder",1
"sheriff",1
"shined",1
"shit",1
"shitallica",1
"shooter",1
"shooting",1
"shop",1
"shot",1
"shredding",1
"sich",1
"sicnoticias",1
"sido",1
"sign",1
"silence",1
"similar",1
"simply",1
"sinceheianera",1
"sinks",1
"sizin",1
"sizlerde",1
"skeptical",1
"skin",1
"sktsunami",1
"slf2024",1
"slow",1
"slumber",1
"smart",1
"smartest",1
"snp",1
"social",1
"sol",1
"soldiers",1
"solution",1
"sormam",1
"soul",1
"sources",1
"south",1
"southeast",1
"southern",1
"sow",1
"spacecraft",1
"spacex",1
"speaker",1
"spend",1
"spending",1
"spirit",1
"spokojnie",1
"spor",1
"spouses",1
"spowodowa",1
"sserafim",1
"stadium",1
"stagione",1
"stand",1
"standing",1
"starts",1
"statelessapi",1
"statewide",1
"stay",1
"staying",1
"steal",1
"stocks",1
"stoking",1
"store",1
"structure",1
"students",1
"subpoena",1
"success",1
"suddenly",1
"sues",1
"sukuna",1
"sumernet",1
"summarizing",1
"supersayji",1
"supervised",1
"supervision",1
"supporting",1
"supposed",1
"supreme",1
"sur",1
"surely",1
"surface",1
"surgeon",1
"surpassed",1
"svf7urlq4d",1
"svl9tbzt2n",1
"swftzhbl42",1
"swoim",1
"sxoyua6plw",1
"szczepienia",1
"szczepieniach",1
"tackles",1
"tag",1
"takie",1
"tapuladklarn",1
"tas",1
"tax",1
"technically",1
"tectonic",1
"teens",1
"tellement",1
"tells",1
"teluguscribe",1
"tem",1
"temiz",1
"temperatures",1
"ternyata",1
"terrorisme",1
"terwijl",1
"testifying",1
"testimony",1
"texas",1
"thailand",1
"theme",1
"thi",1
"thomas",1
"thoughtful",1
"thousands",1
"tiafmrgojx",1
"tide",1
"ties",1
"timberlake",1
"timbers",1
"times",1
"tiner",1
"tinercisine",1
"tipped",1
"titan",1
"titanic",1
"toenegro",1
"tomdaavid",1
"tomorrow",1
"tongwei",1
"tons",1
"tool",1
"toplulukta",1
"torn",1
"tornado",1
"tornadoes",1
"torped",1
"tot",1
"toxic",1
"tpedyywpei",1
"trabzona",1
"trabzonlu",1
"tragedy",1
"tras",1
"travel",1
"trip",1
"trips",1
"trooping",1
"tropical",1
"true",1
"trump",1
"tsunamigabs",1
"tsunamis",1
"tuesday",1
"tugengirl",1
"tuned",1
"turretsd",1
"typhoon",1
"ubbzmmjhfs",1
"uber",1
"ucap",1
"udah",1
"ufudvvsr2i",1
"ulan",1
"ulke7ldscw",1
"umgoj7nwhe",1
"una",1
"und",1
"understand",1
"undocumented",1
"unfolded",1
"unionist",1
"unleashed",1
"unrwa",1
"uo9o4nmytz",1
"up4rfkiblq",1
"upcoming",1
"update",1
"upholding",1
"urgent",1
"use0815",1
"utilize",1
"valuable",1
"vankayak",1
"var",1
"vermiyor",1
"version",1
"veto",1
"vht4uqre1c",1
"victorkiprop",1
"video",1
"vignesh123kvg",1
"vile",1
"vindman",1
"violated",1
"virginia",1
"vitro",1
"vladimir",1
"vohrr03sre",1
"volcanic",1
"vollkommen",1
"voted",1
"votesnpforscotland",1
"vpkfkkbkak",1
"vtfskrnwl3",1
"vucut",1
"w9lpxxpfr4",1
"waffen",1
"wait",1
"wake",1
"warcabinet",1
"waren",1
"watched",1
"water",1
"watersecurity",1
"wave",1
"wcpmiopqqx",1
"wczeniej",1
"wem",1
"wenn",1
"wfwnclhgwl",1
"whistleblower",1
"wild",1
"wildfires",1
"willie",1
"wins",1
"wirft",1
"wirh",1
"wise",1
"wkwkwkw",1
"wlrvuc1fyq",1
"wod",1
"wonderful",1
"wont",1
"words",1
"wow",1
"wqjqqd0eu5",1
"wrapped",1
"wrdest",1
"wreckage",1
"wreqzp5zr0",1
"written",1
"wyliczyaby",1
"xetgvukpy0",1
"y5rk6olnbk",1
"y9tibtzsdo",1
"yahoo",1
"yalama",1
"yamagata",1
"yanl",1
"yaylaya",1
"yazlanlar",1
"yazlm",1
"ycia",1
"yerde",1
"ykselite",1
"ykvzt2lsn0",1
"ymteesp8cy",1
"ynvmfuwnve",1
"yorickpiper",1
"york",1
"yorks",1
"yossuisan",1
"youd",1
"youre",1
"youtube",1
"yozoo",1
"yw1zfbfv4r",1
"yzden",1
"z6kd8fpr7l",1
"zaatw",1
"zahirajaser",1
"zelf",1
"ziwzbc7wii",1
"znaczn",1
"zoo",1
"zukj8s9t3k",1
"zululand",1
"zy6lifamwb",1
